net1,sta1,lat1,lon1,net2,sta2,lat2,lon2,4hrWnd,distance_km,result
ZP,KGMA,-4.878,29.633000000000003,ZP,SULU,-4.573,30.087,3113,60.61774364,2
XJ,MW44,-3.344,35.664,XJ,PR64,-2.801,35.533,2959,61.78415051,2
2H,KOZE,12.495,40.985,2H,IGRE,12.253,40.461,8250,62.96030476,2
XJ,KEN1,-1.941,36.693000000000005,XJ,LN14,-2.439,36.415,5302,63.15586197,2
YQ,MATA,-8.959,33.969,YQ,KIPE,-9.294,34.436,8415,63.3074991,1
XJ,LN35,-2.63,36.006,XJ,MW43,-3.205,35.946,4268,63.93082246,2
6A,WP24,-19.33,13.157,6A,WP09,-19.109,12.591,4686,64.34821448,1
YJ,KOTE,9.388,39.396,YJ,GTFE,9.003,39.838,4466,64.59685436,1
XJ,LL22,-2.52,35.599000000000004,XJ,PR31,-2.919,36.048,5720,66.62758647,1
XJ,MW43,-3.205,35.946,XJ,PR62,-2.983,35.374,4279,68.15680619,1
ZV,NEMA,-7.52,31.044,ZV,KALA,-8.134,30.97,3707,68.39394567,1
XK,B10PP,-18.913,22.543000000000003,XK,B13NX,-18.579,21.994,8129,68.68997425,1
2H,HALE,13.842,40.008,2H,ERTE,13.446,40.497,4631,68.69368914,1
XJ,LN14,-2.439,36.415,XJ,LN46,-3.007,36.677,6864,69.23526008,2
ZF,KOBE,12.151,39.63,ZF,MAYE,12.783,39.534,4026,70.69027871,2
XK,W03BL,-13.679,33.824,XK,W11KP,-13.217,34.311,4158,73.44101464,1
XB,PM09,35.027,-5.114,XB,PM11,34.931,-4.312,6336,74.00198916,1
Y6,OHIT,7.716,38.758,Y6,MILA,7.13,38.434,3663,74.02217426,1
Y6,GEBI,8.219,39.106,Y6,BEKO,7.542000000000001,39.259,1287,76.75036985,2
XJ,NG54,-2.732,35.36,XJ,MW36,-3.016,35.998000000000005,7524,77.57382699,1
XW,AMDT,1.949,34.936,XW,NAPK,2.369,34.376999999999995,2519,77.61213640000001,1
XJ,PR33,-2.839,36.14,XJ,LL23,-2.297,35.69,7095,78.07857737,1
XJ,LN14,-2.439,36.415,XJ,MW36,-3.016,35.998000000000005,7271,78.87186741,2
ZP,MAKA,-8.846,34.83,ZP,MAFI,-8.306000000000001,35.313,1287,79.96203351,1
7C,ASE,11.004,42.104,7C,MOY2,11.63,42.492,4224,81.17385508,1
Y6,POWR,7.787999999999999,38.794,Y6,CHEF,7.149,38.432,5654,81.18331083,2
ZF,LYDE,12.055,41.926,ZE,BREE,12.17,41.188,6325,81.33766459,2
YJ,AWAE,8.99,40.166,YJ,ANKE,9.593,39.734,2838,81.85835178,1
Y6,GRIM,7.1610000000000005,38.395,Y6,POWR,7.787999999999999,38.794,5445,82.14579757,1
Y6,GALU,7.801,38.767,Y6,MILA,7.13,38.434,1595,82.81240778,1
YJ,SENE,9.147,39.017,YJ,INEE,9.895,39.143,4224,83.88097769,1
XB,PS45,36.306,-5.716,XB,PM02,35.61,-5.347,9185,84.09550956,1
YJ,ASEE,7.973,39.132,YJ,BUTE,8.117,38.382,1364,84.19330532,1
ZF,BTIE,11.195,40.022,ZF,WLDE,11.824000000000002,39.587,1738,84.22199069,1
YJ,MELE,9.311,40.201,XI,BDAR,9.672,39.525,1276,84.2859243,2
XJ,NG55,-3.142,35.687,XJ,LL65,-2.418,35.434,6677,84.8561673,1
Y6,ADEP,7.773,38.884,Y6,GRIM,7.1610000000000005,38.395,2442,86.57038495,1
XJ,LN25,-2.501,35.886,XJ,PR61,-2.959,35.248000000000005,7513,87.1638694,2
ZF,GEWE,10.004,40.574,ZF,MISE,9.237,40.759,6050,87.2307059,1
Y6,HABU,7.737,38.726,Y6,DORE,7.031000000000001,38.362,2343,87.81325858,1
3D,MM03,30.878,-6.9,3D,MM06,30.508000000000003,-6.066,8459,89.81808034,1
Y6,ADEP,7.773,38.884,Y6,HAWA,7.0520000000000005,38.502,2442,90.20211665,1
ZF,MAYE,12.783,39.534,ZE,TRUE,12.484000000000002,40.316,3916,91.169828,2
Y6,OGOL,8.04,39.014,Y6,KADO,7.295,38.655,5907,91.41862881,1
ZF,AKEE,10.888,39.168,ZF,GASE,11.681,38.921,4774,91.77089549,1
XJ,PR32,-2.875,36.181,XJ,NG54,-2.732,35.36,4818,92.64403739,1
XJ,LN26,-2.61,35.878,XJ,KEN4,-1.784,36.054,5456,93.41039262,1
YQ,GAWA,-8.765,34.386,YQ,TOLA,-9.592,34.584,5104,94.02116611,1
YQ,BUMI,-10.128,34.936,YQ,KIDE,-9.274,35.021,4224,94.91681321,1
XB,PM28,32.232,-4.617,XB,PM33A,31.414,-4.29,3828,95.84051715,1
YJ,LEME,8.612,38.61,YJ,AREE,8.937999999999999,39.419,3586,96.03548237,1
YJ,NURE,8.731,39.796,YJ,SENE,9.147,39.017,4873,97.24455878,1
YQ,UKWA,-9.454,34.216,YQ,KIFA,-9.547,35.103,4543,97.93660061,1
ZV,NEMA,-7.52,31.044,ZV,SITA,-6.619,31.143,3597,100.2410667,1
XB,PM26,32.525,-4.566,XB,PM22B,33.308,-5.102,8536,100.2716356,1
XB,PM09,35.027,-5.114,XB,PM18,34.15,-4.82,6226,100.9578534,1
1C,KTG,0.902,36.257,1C,SLS,-0.01,36.128,704,101.8610598,1
ZE,HARE,11.607,40.884,ZE,AWEE,12.067,40.072,2596,102.0701445,1
Y6,BEKO,7.542000000000001,39.259,Y6,URJI,7.187,38.379,1210,104.7907118,1
XA,SA13,-29.979,23.14,XA,SA09,-30.922,22.986,3443,105.5822218,1
ZF,ELLE,11.258,40.378,ZF,WLDE,11.824000000000002,39.587,1474,106.6070598,1
YJ,MELE,9.311,40.201,XI,WANE,10.169,40.649,1155,106.87550159999998,1
YQ,BUMI,-10.128,34.936,YQ,KIPE,-9.294,34.436,4235,107.3292823,2
YJ,NURE,8.731,39.796,XI,BDAR,9.672,39.525,1507,108.254298,1
6A,WP28,-17.808,12.33,6A,WP27,-17.434,13.274,4752,108.3996105,2
YJ,AREE,8.937999999999999,39.419,YJ,INEE,9.895,39.143,4301,110.1029478,2
XJ,PR61,-2.959,35.248000000000005,XJ,LN15,-2.628,36.185,7502,110.4253013,1
YZ,SEME,11.792,41.003,YZ,BOOE,12.675,40.523,825,110.7668344,2
XA,SA11,-29.965,20.947,XA,SA81,-30.925,21.268,3850,110.8017722,1
XB,PM08,35.145,-4.708,XB,PM18,34.15,-4.82,6600,110.8559976,1
Y6,KADO,7.295,38.655,Y6,ITTE,8.126,39.226,6413,111.4194882,2
6A,WP26,-18.229,13.274,6A,WP10,-18.752,12.369000000000002,2134,111.7393969,2
YQ,ITUM,-9.4,33.188,YQ,LOSI,-8.387,33.168,4697,112.0602506,1
XB,PM36,34.889,-3.736,XB,PM13,34.672,-4.935,7876,112.3544686,1
2H,TRUE,12.481,40.315,2H,DAME,11.687,40.962,660,112.5893462,1
1C,VWP,-0.259,36.093,1C,NAK,0.77,36.165,1232,114.0629188,2
XB,PM27,32.35,-4.654,XB,PM22B,33.308,-5.102,8536,114.2243568,1
ZF,KOBE,12.151,39.63,AF,DESE,11.118,39.635,1166,114.2712197,1
YJ,DZEE,8.78,38.996,XI,BDAR,9.672,39.525,1232,114.5098836,1
YQ,CRTR,-9.332,33.751,YQ,UWEM,-9.47,34.786,4070,114.6984394,2
XA,SA26,-27.546,26.18,XA,SA27,-27.862,27.294,3399,115.3177198,2
ZV,KOLA,-7.169,30.538,ZV,KALA,-8.134,30.97,3960,116.8832975,1
XJ,LL23,-2.297,35.69,XJ,KEN1,-1.941,36.693000000000005,5566,118.3178963,2
YQ,NKAL,-9.188,33.774,YQ,BAKO,-8.844,34.802,4895,119.2632071,1
YQ,KIDE,-9.274,35.021,YQ,CHML,-8.826,34.028,4565,119.89113190000002,2
ZP,NJOM,-9.366,34.791,YI,SCH,-10.176,34.032,847,122.31506170000002,2
XA,SA10,-30.972,23.914,XA,SA14,-29.868,24.023000000000003,2860,122.83616440000002,2
1C,MNP,-0.218,35.947,1C,MOND,0.8959999999999999,36.086,1804,124.1478151,1
2H,HITE,13.101,40.317,2H,DALE,14.229,40.218,6402,125.2565111,2
XB,PM09,35.027,-5.114,XB,PS01,36.08,-5.624,5995,125.6487803,1
8A,OKAM,-20.407,18.219,8A,HOCH,-21.49,17.852999999999998,7095,125.8029595,1
Y6,TULL,8.181000000000001,39.058,Y6,BRRR,7.199,38.476,6468,126.164273,1
ZF,ABAE,13.354,39.764,ZE,DIGE,12.328,40.273,5599,126.23937250000002,1
XK,Z08MF,-13.255,31.931,XK,W01PD,-13.707,33.006,7370,126.6798398,1
ZE,MILE,11.424,40.765,ZE,TRUE,12.484000000000002,40.316,5401,127.0488655,2
XJ,PR61,-2.959,35.248000000000005,XJ,PR12,-2.825,36.383,2486,127.0547171,1
Y6,GULA,7.845,38.726,Y6,YIRG,6.744,38.39,4103,127.28924440000002,1
YJ,MEKE,8.162,38.833,YJ,CHAE,9.312,38.762,4675,127.429633,1
XB,PS04,36.605,-5.323,XB,PM03,35.51,-5.771,10230,128.03000590000002,1
ZP,MGOR,-6.827999999999999,37.67,YH,MANG,-7.198,38.773,979,128.5584126,1
YJ,NURE,8.731,39.796,YJ,CHAE,9.312,38.762,4675,130.5930114,1
Y6,OHIT,7.716,38.758,IU,FURI,8.895,38.68,3652,130.6772223,2
2H,ASYE,11.561,41.442,7C,DAY,11.753,42.638000000000005,781,132.1279628,1
YQ,MAKE,-9.265,34.097,YQ,MFRI,-9.294,35.313,3476,133.64310759999998,1
YQ,MAND,-10.478,34.6,YQ,MBHS,-9.431,33.985,4158,134.0101747,1
XB,CM28,8.469,13.237,XB,CM26,7.265,13.548,2629,137.5022795,1
XB,PM16,35.13,-3.695,XB,PM40,34.908,-2.21,8140,137.749766,1
YJ,SENE,9.147,39.017,XI,GUDE,8.966000000000001,37.765,1584,139.09396,1
Y6,JIRE,8.24,38.933,Y6,HAWA,7.0520000000000005,38.502,2497,139.726783,1
ZF,WUCE,11.512,39.606,ZE,HARE,11.607,40.884,2442,139.7948926,2
XJ,PR61,-2.959,35.248000000000005,XJ,LN16,-2.6210000000000004,36.465,6963,140.38282819999998,2
XW,KITG,3.292,32.88,XW,KOTD,3.0,34.11,6600,140.4789189,1
YJ,NURE,8.731,39.796,YJ,SHEE,10.0,39.895,2926,140.77676499999998,2
Y6,ANOL,8.182,39.181,Y6,MILA,7.13,38.434,4026,142.5793625,2
8A,WEWE,-21.209,16.809,8A,BAHE,-21.352,15.44,9141,142.94691269999998,1
XB,PS04,36.605,-5.323,XB,PM06,35.309,-5.638999999999999,10230,146.5999385,1
Y6,CHKA,8.257,39.221,Y6,CORB,7.223,38.385,2431,146.90617869999997,1
XI,SELA,7.973,39.132,XI,HOSA,7.564,37.857,3333,147.7331383,1
Y6,ANOL,8.182,39.181,Y6,SANK,7.198,38.271,1606,148.0602802,1
XB,PS42,36.528,-5.043,XB,PM05,35.213,-5.337000000000001,10065,148.3038333,1
Y6,TULL,8.181000000000001,39.058,Y6,DORE,7.031000000000001,38.362,2343,148.57216069999998,2
XW,LIRA,2.11,33.064,XW,NAPK,2.369,34.376999999999995,4026,148.8329095,1
XK,Q05ML,-13.467,36.14,XK,W12MB,-14.085,34.911,3520,149.45740769999998,2
XJ,NG54,-2.732,35.36,XJ,LN46,-3.007,36.677,6853,149.5492437,2
ZP,BKBA,-1.364,31.812,ZP,BIHA,-2.638,31.316,3575,151.294871,1
XB,PM15,34.469,-4.7,XB,PM03,35.51,-5.771,10406,151.3218363,1
2H,HALE,13.842,40.008,2H,BIME,12.842,40.984,2156,153.0331705,1
1C,NASO,1.172,36.359,1C,TOR1,-0.178,36.007,759,154.33210280000003,1
ZF,AWSE,8.99,40.17,AF,AAUS,9.035,38.766,2376,154.45579750000002,1
Y6,ANOL,8.182,39.181,Y6,DORE,7.031000000000001,38.362,1595,156.1112883,1
1C,MNP,-0.218,35.947,1C,KAPD,1.185,36.105,1881,156.1296389,1
XB,PM08,35.145,-4.708,XB,PS42,36.528,-5.043,8294,156.4082394,1
1C,VWP,-0.259,36.093,1C,SIL,1.149,36.238,1034,156.5231666,2
XB,CM30,9.757,13.95,XB,CM31,10.327,15.262,3938,157.0390059,2
8A,WEWE,-21.209,16.809,8A,OTJO,-20.018,15.98,9152,157.6486063,2
YQ,MUDI,-9.862,34.937,YQ,KURU,-11.2,35.458,4576,158.6043531,1
ZF,ASYE,11.561,41.442,ZE,AWEE,12.067,40.072,2112,159.4453884,2
YJ,ASEE,7.973,39.132,YJ,AWAE,8.99,40.166,1364,160.043009,1
YQ,IGOM,-9.0,33.657,YQ,NIND,-10.142,34.579,4466,161.8610925,2
XB,PM31A,32.719,-4.739,XB,PM19,34.143,-5.131,8514,162.09095990000003,2
ZF,AKEE,10.888,39.168,ZE,AWEE,12.067,40.072,5852,163.5154043,2
YJ,AWAE,8.99,40.166,IU,FURI,8.895,38.68,2860,163.7605566,2
YJ,NURE,8.731,39.796,XI,FICH,9.782,38.737,1485,164.47610269999998,1
YJ,AMME,8.302999999999999,39.093,YJ,MELE,9.311,40.201,4279,165.18920469999998,1
2H,SEME,11.793,41.004,7C,FIEA,11.589,42.507,3509,165.41101880000002,2
ZK,AD02,11.349,40.688,7C,ATA2,11.454,42.203,1419,165.7497775,1
YQ,UKWA,-9.454,34.216,YQ,MKIL,-10.880999999999998,34.681,4697,165.8598829,2
AF,DESE,11.118,39.635,2H,SEME,11.793,41.004,2222,167.00097040000003,1
YJ,SHEE,10.0,39.895,YJ,DZEE,8.78,38.996,2123,167.2061904,1
2H,SAHE,12.04,40.977,7C,KKO,11.519,42.422,2453,167.7044736,1
XA,SA35,-27.018,29.088,XA,SA43,-25.787,30.067,1133,167.7559783,2
YJ,AMME,8.302999999999999,39.093,XI,FICH,9.782,38.737,1496,168.19722109999998,2
YQ,BAKO,-8.844,34.802,YQ,MBEY,-9.0,33.25,3300,171.560791,2
YQ,NIND,-10.142,34.579,YQ,KIMO,-10.692,36.046,4070,171.7651307,2
YJ,MELE,9.311,40.201,IU,FURI,8.895,38.68,4576,173.41316940000002,1
YQ,UKWA,-9.454,34.216,YQ,BANG,-10.113,35.651,5060,173.4891946,1
ZF,ADTE,11.122,40.757,ZE,BARE,12.644,40.356,3289,173.9414414,1
1C,NDG,-0.106,36.059,IU,KMBO,-1.127,37.252,4213,174.29879499999998,2
ZF,GASE,11.681,38.921,ZE,TRUE,12.484000000000002,40.316,2860,175.94230349999998,1
YJ,LEME,8.612,38.61,XI,WASH,8.99,40.166,1155,176.2177018,1
XA,SA23,-27.93,23.405,XA,SA19,-28.906,24.833,3091,176.84757009999998,2
XB,PM22,33.295,-5.107,XB,PM30,31.863000000000003,-4.272,5467,177.1016527,2
YJ,SHEE,10.0,39.895,IU,FURI,8.895,38.68,2893,180.94280580000003,1
XB,PM30A,31.823,-4.272,XB,PM22B,33.308,-5.102,3465,182.1937632,1
ZF,LYDE,12.055,41.926,ZE,DIGE,12.328,40.273,5599,182.4050053,1
ZF,HYNE,9.315,42.096,ZF,GEWE,10.004,40.574,2992,183.6031889,2
2H,LULE,11.989,40.704,7C,AIR,11.147,42.162,1804,184.2952721,1
YQ,TOLA,-9.592,34.584,YQ,MBAM,-11.248,34.792,4620,184.5816474,1
ZF,KORE,10.425999999999998,39.934,ZE,FINE,12.068,40.316,5104,186.3603087,1
YQ,KURU,-11.2,35.458,YQ,KIFA,-9.547,35.103,4334,186.9260677,1
XB,PM26,32.525,-4.566,XB,PM19,34.143,-5.131,10285,187.0023382,2
YJ,GTFE,9.003,39.838,YJ,BUTE,8.117,38.382,1485,187.866157,2
YJ,MIEE,9.242,40.758,YJ,INEE,9.895,39.143,4059,191.4418204,1
XK,W07CR,-10.684,34.193000000000005,YQ,MATA,-8.959,33.969,3047,192.3722055,1
XB,PM13,34.672,-4.935,XB,PS03,36.393,-5.415,10142,195.8441901,1
XJ,PR61,-2.959,35.248000000000005,XJ,KEN1,-1.941,36.693000000000005,5566,196.2103016,2
XB,PM15,34.469,-4.7,XB,PS01,36.08,-5.624,10087,197.5140012,1
ZF,WUCE,11.512,39.606,ZF,GEWE,10.004,40.574,3531,197.5668737,1
XK,W11KP,-13.217,34.311,XK,Q05MJ,-13.395,36.126,1463,197.6388141,1
1C,LWHS,-0.222,36.177,XJ,KEN1,-1.941,36.693000000000005,1958,198.5640596,1
XB,PM07,35.228,-4.986000000000001,XB,PS47,36.87,-4.079,10021,199.6839167,1
ZF,LYDE,12.055,41.926,XW,MOKA,13.314,43.256,2002,200.6692027,1
XB,PM04,35.403,-5.152,XB,PS16,37.213,-5.049,9900,201.05906940000003,1
YQ,TOLA,-9.592,34.584,YQ,KIMO,-10.692,36.046,4070,201.1812534,1
2H,KOZE,12.495,40.985,2H,GULE,13.694,39.588,3476,201.3581975,1
XA,SA30,-27.072,24.165,GT,BOSA,-28.614,25.256,5544,201.8610677,1
ZF,GEWE,10.004,40.574,ZE,SEME,11.793,41.004,6105,203.3951588,2
XB,PS14,37.148,-5.518,XB,PM06,35.309,-5.638999999999999,9889,204.3511385,1
ZF,ABAE,13.354,39.764,ZF,WUCE,11.512,39.606,3663,204.4955707,2
XB,PS46,36.824,-4.341,XB,PM06,35.309,-5.638999999999999,10021,204.7694826,1
XA,SA72,-20.143,28.611,XA,SA68,-21.95,28.188,3267,204.8402358,2
AF,DESE,11.118,39.635,ZE,BREE,12.17,41.188,3168,205.4725601,2
ZF,LALE,12.026,39.038,ZE,HARE,11.607,40.884,3135,206.4389765,2
XA,SA169,-22.262,29.213,XA,SA51,-23.863000000000003,28.157,4554,207.7143385,2
XA,SA30,-27.072,24.165,YB,BB32,-28.815,24.978,913,209.0698334,1
2H,IGRE,12.253,40.461,7C,ATA2,11.454,42.203,1221,209.3783492,1
XK,W04VR,-13.720999999999998,34.12,XK,Z09CG,-13.306,32.221,7381,210.6444349,1
XB,PS05,36.646,-5.093999999999999,XB,PM10,34.738,-5.1370000000000005,9251,211.7347295,1
2H,LULE,11.989,40.704,7C,DAY,11.753,42.638000000000005,781,212.3278267,1
ZV,SUMA,-7.963999999999999,31.625,YQ,MBEY,-9.0,33.25,2937,212.4689641,1
ZF,KORE,10.425999999999998,39.934,ZE,DIGE,12.328,40.273,4191,213.6230707,1
XK,Z01TG,-12.296,29.995,XK,Z07FW,-13.121,31.775,7359,213.7845485,2
XB,PM08,35.145,-4.708,XB,PS48,36.901,-3.727,6732,213.96683650000003,1
XK,Q06MQ,-13.35,36.745,XK,W13CC,-14.548,35.181,7249,214.7760196,2
6A,WP10,-18.752,12.369000000000002,6A,WP07,-20.364,13.52,4477,215.476123,1
ZF,LALE,12.026,39.038,ZE,SEME,11.793,41.004,5984,215.7185244,1
XI,NAZA,8.568,39.291,XI,KARA,10.422,39.935,2156,216.9100746,1
XA,SA49,-24.96,30.309,XA,SA47,-24.847,28.162,1705,217.267382,2
6A,WP24,-19.33,13.157,6A,WP06,-20.214,15.013,4686,217.73065860000003,2
ZP,MALE,1.07,34.167,AF,TEBE,0.054,32.483000000000004,1661,218.5379176,1
XK,Z04NN,-13.075,30.628,XK,Z11CP,-13.564,32.589,7370,219.24147180000003,1
XB,PM01,35.702,-5.654,MN,RTC,33.988,-6.857,7524,219.6803249,1
XA,SA50,-23.872,27.166,XA,SA67,-21.886,27.274,3179,220.2133986,2
XA,SA20,-29.022,26.195,XA,SA28,-27.898000000000003,28.066,3267,221.5728816,2
1C,SLS,-0.01,36.128,XJ,KEN1,-1.941,36.693000000000005,1826,222.587103,1
ZV,KASA,-8.437999999999999,31.147,YQ,LOSI,-8.387,33.168,3652,222.643192,1
ZF,GEWE,10.004,40.574,ZF,BOBE,10.38,42.572,1606,222.84409,2
ZF,ABAE,13.354,39.764,ZE,DAME,11.687,40.962,4037,225.7473539,2
XW,KABG,3.51,34.143,XW,KUMI,1.477,33.865,4202,226.9179347,1
ZF,YAYE,11.861,37.996,ZE,AWEE,12.067,40.072,2145,227.2566162,2
XB,PS15,37.141,-4.503,XB,PM06,35.309,-5.638999999999999,9999,227.4941347,1
XA,SA25,-27.846,25.126,XA,SA15,-29.904,25.032,3311,228.28012400000003,1
XB,PM34,31.291,-4.107,3D,MM05,30.68,-6.39,9020,228.3427958,2
XA,SA25,-27.846,25.126,XA,SA29,-26.932,23.035,3817,230.28414640000005,2
XA,SA60,-23.852,24.959,XA,SA38,-25.933000000000003,25.085,3740,230.8664283,1
AF,DESE,11.118,39.635,2H,HITE,13.101,40.317,3168,231.5870927,1
1C,TOR1,-0.178,36.007,XJ,LL24,-2.266,35.806999999999995,1474,231.9507732,2
XK,W03BL,-13.679,33.824,XK,W08KB,-11.61,34.296,7524,234.5611452,1
XA,SA64,-22.969,26.202,GT,LBTB,-25.015,25.597,3124,234.823527,2
XA,SA64,-22.969,26.202,XA,SA62,-24.85,25.135,3410,234.9574197,1
XB,CM13,4.588,9.462,XB,CM07,3.87,11.456,3157,235.1768639,1
XK,W15SS,-15.682,34.975,XK,W04VR,-13.720999999999998,34.12,7447,235.7052308,2
XA,SA48,-24.895,29.216,XA,SA40,-25.898000000000003,27.149,3146,235.8018105,2
YJ,SENE,9.147,39.017,XI,HERO,7.026,39.277,759,236.3186858,1
XB,PS07,36.671,-4.799,XB,PM14,34.552,-5.127000000000001,8525,236.9772161,1
XA,SA13,-29.979,23.14,XA,SA08,-31.91,22.073,6897,237.1232882,1
XA,SA50,-23.872,27.166,XA,SA68,-21.95,28.188,3091,237.26640010000003,2
XK,Z05CS,-13.167,30.878,XK,W01PD,-13.707,33.006,7326,238.0614664,2
XB,PS42,36.528,-5.043,XB,PM17,34.391,-5.295,9108,238.1987613,1
XB,PM35,31.046,-3.996,3D,MM08,31.026,-6.492000000000001,8866,238.2943449,2
YQ,MKIL,-10.880999999999998,34.681,YQ,CHML,-8.826,34.028,4081,238.314402,1
XB,PM36,34.889,-3.736,XB,PS52,37.004,-4.226,7656,238.8030651,1
XA,SA73,-21.854,30.278,XA,SA55,-22.98,28.298,3476,238.9600093,2
XA,SA53,-24.113000000000003,29.333,XA,SA46,-24.838,27.109,2640,239.3269312,1
YJ,BEDE,8.908999999999999,40.771,YJ,LEME,8.612,38.61,3586,240.0310488,1
XB,PM37,34.951,-3.151,XB,PM21,33.72,-5.32,8151,241.8227291,2
XB,PM09,35.027,-5.114,XB,PS16,37.213,-5.049,5918,242.6318879,1
ZF,ADTE,11.122,40.757,ZF,AWSE,8.99,40.17,4202,244.4373422,1
XB,PS48,36.901,-3.727,XB,PM39,34.889,-2.61,7887,244.9607708,1
XB,PM08,35.145,-4.708,XB,PS21,37.345,-4.456,8239,245.1681417,1
ZP,HAMA,-3.832,32.642,ZP,MLBA,-1.838,31.67,1540,245.5490369,2
XB,PS53,37.057,-3.964,XB,PM06,35.309,-5.638999999999999,8492,245.5993191,1
XA,SA33,-26.899,27.179,XA,SA42,-25.665,29.222,2706,245.6101923,1
2H,TRUE,12.481,40.315,7C,GOR,11.288,42.223,3795,246.2239507,1
XB,PM26,32.525,-4.566,3D,MM08,31.026,-6.492000000000001,8866,246.7889895,2
YJ,NURE,8.731,39.796,XI,BELA,6.928999999999999,38.47,1408,247.1889192,1
ZF,LALE,12.026,39.038,ZF,SRDE,11.958,41.31,5049,247.5477185,2
XB,PM36,34.889,-3.736,XB,PS56,37.11,-3.437,5467,247.9097425,1
1C,KTG,0.902,36.257,AF,NBI,-1.274,36.804,1430,248.1944164,2
ZF,HALE,13.842,40.008,ZE,CHIE,11.598,40.019,1738,248.2526847,2
XA,SA63,-23.658,26.082,XA,SA47,-24.847,28.162,3102,248.9135903,1
ZF,BOBE,10.38,42.572,ZE,BREE,12.17,41.188,2266,249.0750184,1
XB,PS10,36.802,-4.904,XB,PM14,34.552,-5.127000000000001,9911,250.4590991,1
XB,PM08,35.145,-4.708,XB,PM25,32.876,-4.888,10054,252.23191290000003,1
ZF,SMRE,13.198,39.211,ZE,DAME,11.687,40.962,1771,253.3376378,1
8A,OTJO,-20.018,15.98,8A,HOCH,-21.49,17.852999999999998,9504,254.16940860000005,1
2H,TRUE,12.481,40.315,7C,ASE,11.004,42.104,4257,254.4039932,1
XB,PM30A,31.823,-4.272,3D,MM04,30.737,-6.63,3355,254.7760184,2
8A,HAO,-17.887,15.06,8A,OTJO,-20.018,15.98,9064,255.0069485,1
YQ,ILOM,-9.283,33.342,YQ,ZINI,-10.466,35.338,4708,255.0426916,1
ZF,QATE,9.375,41.469,ZE,HARE,11.607,40.884,3102,255.0538023,1
XB,PS47,36.87,-4.079,XB,PM10,34.738,-5.1370000000000005,9119,255.1494361,1
1C,VWP,-0.259,36.093,XJ,LL22,-2.52,35.599000000000004,1012,255.9825469,1
ZF,LYDE,12.055,41.926,ZF,WLDE,11.824000000000002,39.587,781,256.0572858,2
XA,SA60,-23.852,24.959,XA,SA39,-25.895,26.151,2530,256.36105130000004,1
XB,PS07,36.671,-4.799,XB,PM17,34.391,-5.295,8371,256.9341511,1
XB,PS44,36.317,-5.989,XB,PM36,34.889,-3.736,7546,258.40601580000003,1
1C,MOND,0.8959999999999999,36.086,IU,KMBO,-1.127,37.252,3102,258.6193395,2
ZF,GEWE,10.004,40.574,ZF,GASE,11.681,38.921,3938,258.99215730000003,2
ZF,GASE,11.681,38.921,ZE,SILE,12.407,41.188,3707,259.576244,1
ZF,HALE,13.842,40.008,ZE,DAME,11.687,40.962,726,259.93548109999995,1
2H,TRUE,12.481,40.315,7C,DLM,11.615,42.549,3311,261.4272676,2
6A,WP28,-17.808,12.33,6A,WP19,-19.044,14.479,3652,265.0636595,1
XB,PM07,35.228,-4.986000000000001,XB,PS57,37.012,-2.986,8470,267.5771763,1
XB,PM40,34.908,-2.21,XB,PS56,37.11,-3.437,5764,268.198731,1
1C,MCN1,-0.1939999999999999,36.083,XJ,LN15,-2.628,36.185,1419,269.3790617,1
XB,CM17,5.546,12.312,XB,CM15,5.034,9.933,3927,269.71720730000004,2
XB,PS44,36.317,-5.989,MN,RTC,33.988,-6.857,9196,270.2168349,1
XB,PM36,34.889,-3.736,XB,PS60,37.327,-3.452,5456,271.7284861,1
1C,RGO,-0.156,36.049,XJ,LN15,-2.628,36.185,1474,273.7602848,1
ZF,GEWE,10.004,40.574,ZE,SILE,12.407,41.188,4851,274.13734980000004,2
XA,SA37,-25.97,23.721,XA,SA32,-26.866,26.284,4114,274.2738636,2
ZP,NAMA,-7.508999999999999,31.041,ZP,UVZA,-5.105,30.393,2717,275.35105760000005,2
XB,CM11,3.98,13.188,XB,CM06,2.385,11.268,3520,276.8502815,2
AF,ANKE,9.583,39.742,ZE,AWEE,12.067,40.072,1463,277.123346,1
XB,PM16,35.13,-3.695,XB,PS14,37.148,-5.518,8866,277.586832,1
ZF,QATE,9.375,41.469,AF,DESE,11.118,39.635,2915,278.4534396,1
YQ,BANG,-10.113,35.651,YQ,ILIN,-9.082,33.333,5027,278.83095130000004,2
XB,PM07,35.228,-4.986000000000001,XB,PM31,32.706,-4.72,1683,280.8226484,2
ZF,WUCE,11.512,39.606,ZF,MISE,9.237,40.759,4411,281.5369106,1
1C,ANR,-0.182,36.245,XJ,LL66,-2.612,35.484,1199,281.7259709,1
XB,PM09,35.027,-5.114,XB,PM26,32.525,-4.566,6347,282.1200429,1
G,ATD,11.53,42.847,ZE,FINE,12.068,40.316,2893,282.1804154,1
XJ,NG55,-3.142,35.687,IU,KMBO,-1.127,37.252,6314,282.7550976,1
XB,PM16,35.13,-3.695,XB,PM31A,32.719,-4.739,8580,284.3147468,2
1C,ANR,-0.182,36.245,XJ,LN34,-2.7510000000000003,36.048,1716,284.91220530000004,2
6A,WP22,-19.885,13.949000000000002,6A,WP28,-17.808,12.33,5445,286.2929392,1
1C,RGO,-0.156,36.049,XJ,LN34,-2.7510000000000003,36.048,1474,286.9426131,1
ZF,ADYE,13.635,38.981,ZF,DERE,11.118,39.635,6886,287.3823794,2
1C,GSSH,-0.159,36.24,XJ,LN34,-2.7510000000000003,36.048,2079,287.4060538,2
XB,PM25,32.876,-4.888,3D,MM04,30.737,-6.63,6721,288.88744489999993,2
1C,VWP,-0.259,36.093,XJ,PR32,-2.875,36.181,1617,289.4306575,1
YJ,KOTE,9.388,39.396,XI,BELA,6.928999999999999,38.47,1518,290.4694302,1
1C,TOR1,-0.178,36.007,XJ,NG54,-2.732,35.36,1474,291.441384,1
ZV,NEMA,-7.52,31.044,YQ,MBEY,-9.0,33.25,2332,293.0141765,1
XB,CM26,7.265,13.548,XB,CM19,5.975,11.232,3850,293.1558681,1
XA,SA14,-29.868,24.023000000000003,XA,SA08,-31.91,22.073,3784,293.270834,1
AF,DESE,11.118,39.635,YY,DAQU,13.145,37.898,1067,293.299379,1
XA,SA64,-22.969,26.202,XA,SA56,-23.006,29.074,3036,294.495625,1
XA,SA42,-25.665,29.222,XA,SA56,-23.006,29.074,2750,294.9020455,1
XB,PM40,34.908,-2.21,XB,PS52,37.004,-4.226,7920,295.21925739999995,1
2H,TRUE,12.481,40.315,7C,ARTA,11.526,42.847,1298,295.2788864,2
XA,SA169,-22.262,29.213,XA,SA66,-21.9,26.373,1507,295.8210948,1
YJ,DZEE,8.78,38.996,XI,DELE,8.439,36.326,1045,296.3047742,1
YJ,CHAE,9.312,38.762,XI,TERC,7.145,37.175,1089,296.6648395,1
XI,GOBA,7.027,39.982,XI,BIRH,9.672,39.525,693,296.8299008,2
ZV,SITA,-6.619,31.143,YQ,LOSI,-8.387,33.168,4114,296.9539887,1
XI,KR42,0.038,35.726,XI,KITU,-1.3730000000000002,38.002,1034,297.5288875,1
XB,PS19,37.372,-4.994,XB,PM36,34.889,-3.736,7590,297.8714855,1
ZP,MAFI,-8.306000000000001,35.313,ZP,TUND,-9.296,32.771,2948,300.3310079,1
XA,SA48,-24.895,29.216,XA,SA33,-26.899,27.179,3564,301.5741175,2
2H,ERTE,13.446,40.497,7C,NRAE,11.642,42.578,2299,301.616528,2
ZP,MKRE,-4.282,30.424,ZP,MLBA,-1.838,31.67,3729,303.6732057,2
XB,PM12,34.85,-4.6080000000000005,XB,PS23,37.56,-5.101,9900,303.9585397,1
ZV,LAEA,-8.577,32.042,YQ,BAKO,-8.844,34.802,3883,305.1526654,1
XB,PM23,33.128,-5.03,3D,MM06,30.508000000000003,-6.066,9724,306.62140550000004,1
8A,OKAM,-20.407,18.219,8A,BAHE,-21.352,15.44,8976,307.5032173,1
AF,GRHM,-33.277,26.377,AF,HVD,-30.605,25.497,4664,307.7445125,1
XB,PM24,32.995,-4.898,3D,MM02,31.232,-7.422000000000001,8327,308.1379854,2
AF,ANKE,9.583,39.742,ZE,DIGE,12.328,40.273,1408,309.13334760000004,1
XB,PM16,35.13,-3.695,XB,PS26,37.722,-4.963,8888,309.2778665,1
XA,SA27,-27.862,27.294,XA,SA42,-25.665,29.222,2761,309.8724783,2
AF,DODT,-6.186,35.748000000000005,YQ,BAKO,-8.844,34.802,4356,311.9459913,2
ZP,IRIN,-7.762,35.686,YI,AAIR,-9.955,33.896,660,312.4003804,1
XA,SA26,-27.546,26.18,XA,SA46,-24.838,27.109,3102,314.0590187,1
XB,PM22,33.295,-5.107,3D,MM05,30.68,-6.39,1309,314.2895968,2
XB,PS47,36.87,-4.079,XB,PM19,34.143,-5.131,9900,317.2493497,1
XA,SA28,-27.898000000000003,28.066,YB,BB32,-28.815,24.978,781,319.32488060000003,2
XK,Q07MR,-13.197,37.499,XK,W06SB,-13.742,34.596,6336,320.056439,2
XB,PS10,36.802,-4.904,XB,PM40,34.908,-2.21,7920,321.5006934,1
ZT,LESE,-24.415,29.744,AF,CNG,-26.292,32.188,2519,322.0963988,2
XB,PM24,32.995,-4.898,XB,PM40,34.908,-2.21,8140,326.7212439,1
XB,CM26,7.265,13.548,XB,CM14,4.422,14.358,3960,326.9401452,1
XD,TARA,-3.889,36.016,XD,HALE,-5.3020000000000005,38.617,2970,328.19229310000003,2
AF,DESE,11.118,39.635,YY,KIRE,9.957,36.869,2024,328.8551383,1
XB,PM26,32.525,-4.566,3D,MM09,30.586,-7.2010000000000005,9702,329.846198,2
YJ,BEDE,8.908999999999999,40.771,XI,GUDE,8.966000000000001,37.765,1364,330.64937189999995,1
XB,PM40,34.908,-2.21,XB,PM03,35.51,-5.771,8129,331.0348817,1
XA,SA39,-25.895,26.151,XA,SA29,-26.932,23.035,2090,331.4050141,1
XB,PM40,34.908,-2.21,XB,PS03,36.393,-5.415,7865,333.7208934,1
1C,TOR1,-0.178,36.007,XJ,MW43,-3.205,35.946,1441,334.7808403,2
1C,NATN,1.041,36.123000000000005,XJ,KEN1,-1.941,36.693000000000005,1771,335.781422,1
XA,SA169,-22.262,29.213,XA,SA80,-19.959,31.318,1331,335.9097018,1
ZF,MISE,9.237,40.759,ZF,GASE,11.681,38.921,4642,336.99548500000003,1
1C,KTG,0.902,36.257,XJ,LL21,-2.063,35.551,1089,337.1390639,2
XB,PS45,36.306,-5.716,XB,PM22B,33.308,-5.102,6281,337.298775,1
1C,ANR,-0.182,36.245,XJ,MW41,-3.23,36.445,1716,337.7679276,1
XB,PM37,34.951,-3.151,XB,PM29,32.084,-4.391,8162,338.20435089999995,1
XB,PM10,34.738,-5.1370000000000005,XB,PS61,37.289,-3.069,4873,338.9102197,1
XA,SA67,-21.886,27.274,XA,SA47,-24.847,28.162,2937,340.26115439999995,1
ZF,WLDE,11.824000000000002,39.587,ZF,QATE,9.375,41.469,1078,340.2788352,2
ZV,KIPA,-7.432,30.591,YQ,MBEY,-9.0,33.25,2992,340.447899,2
YJ,SENE,9.147,39.017,XI,CHEF,6.1610000000000005,38.21,847,342.0247172,1
XB,PS44,36.317,-5.989,XB,PM39,34.889,-2.61,7810,344.71619239999995,1
ZV,KISA,-7.19,31.023000000000003,YQ,ILOM,-9.283,33.342,3850,344.7575022,1
ZF,KOBE,12.151,39.63,ZF,MISE,9.237,40.759,3839,345.1740427,2
YJ,INEE,9.895,39.143,XI,DELE,8.439,36.326,1375,348.97598710000005,1
2H,MAYE,12.783,39.534,7C,FIEA,11.589,42.507,3465,349.4591779,1
AF,ANKE,9.583,39.742,ZE,SILE,12.407,41.188,1661,350.0680686,1
XK,W09TK,-12.108,34.046,XK,W14MC,-15.063,35.226,7480,350.97975289999994,2
XB,PM32,31.568,-4.191,XB,PM13,34.672,-4.935,10494,351.183148,1
ZV,SITA,-6.619,31.143,YQ,MBEY,-9.0,33.25,2794,351.1941175,2
XA,SA39,-25.895,26.151,XA,SA23,-27.93,23.405,2530,353.8729885,1
XA,SA39,-25.895,26.151,XA,SA18,-28.633000000000003,24.306,2563,354.1359646,1
XB,PS21,37.345,-4.456,XB,PM18,34.15,-4.82,8338,356.0239728,1
YJ,MECE,8.594,40.324,XI,CHEF,6.1610000000000005,38.21,847,356.1797362,1
XB,PM37,34.951,-3.151,MN,RTC,33.988,-6.857,6325,356.8205995,1
XA,SA76,-20.636,29.846,XA,SA58,-23.518,31.397,1815,357.0123979,1
ZF,LYDE,12.055,41.926,XW,ADBA,13.550999999999998,44.842,2057,357.2277005,1
ZF,LALE,12.026,39.038,ZF,AWSE,8.99,40.17,4114,357.9432941,1
XB,CM30,9.757,13.95,XB,CM24,6.523,14.288,1716,359.6040169,2
XA,SA15,-29.904,25.032,XA,SA08,-31.91,22.073,3322,359.8007354,2
XA,SA57,-22.981,30.02,XA,SA46,-24.838,27.109,7656,360.7545024,2
XK,W10LW,-12.621,34.165,XK,Z05CS,-13.167,30.878,7359,361.8138768,2
ZF,MISE,9.237,40.759,ZE,TRUE,12.484000000000002,40.316,3751,362.414049,2
AF,ANKE,9.583,39.742,7C,KKO,11.519,42.422,1804,363.1634829,1
AF,DODT,-6.186,35.748000000000005,YQ,CHUN,-8.543,33.434,1518,364.9777446000001,2
ZV,KIPA,-7.432,30.591,YQ,ILOM,-9.283,33.342,4081,365.6701145,1
XB,PM32,31.568,-4.191,MN,RTC,33.988,-6.857,11099,366.5891609,2
XB,PM27,32.35,-4.654,XB,PM02,35.61,-5.347,9460,367.229106,1
XK,W10LW,-12.621,34.165,YQ,KIPE,-9.294,34.436,3124,369.2048857,2
1C,MOND,0.8959999999999999,36.086,XJ,LN14,-2.439,36.415,2013,370.580293,2
XB,PM38,34.838,-2.874,XB,PS26,37.722,-4.963,6523,370.9687367,1
XB,PM40,34.908,-2.21,XB,PM28,32.232,-4.617,8140,371.5061221,2
XB,PM20,33.906,-5.033,XB,PS18,37.25,-4.738,6391,371.9827545,1
XK,W11KP,-13.217,34.311,XK,Z05CS,-13.167,30.878,4070,372.1779876,1
XB,CM01,2.389,9.834,XB,CM18,5.723,9.355,3641,372.4902193,1
XB,PM34,31.291,-4.107,3D,MM10,30.53,-7.928,9702,374.8569136,2
XA,SA44,-26.032,30.902,XA,SA40,-25.898000000000003,27.149,2849,376.133106,2
XB,PM10,34.738,-5.1370000000000005,PM,PVAQ,37.404,-7.717,9196,376.1613123,1
AF,DODT,-6.186,35.748000000000005,YQ,KIFA,-9.547,35.103,4268,378.4535163,2
XB,PM05,35.213,-5.337000000000001,PM,PFVI,37.133,-8.827,11473,379.3937527,1
XB,PM09,35.027,-5.114,XB,PS34,38.434,-4.75,5720,379.4783661,1
ZP,PNDA,-6.352,31.061,AF,MBEY,-9.0,33.25,4246,379.5773516,2
ZT,LESE,-24.415,29.744,AF,POGA,-27.346,31.707,3289,379.6406369,1
XA,SA38,-25.933000000000003,25.085,XA,SA17,-28.932,23.226,7414,379.7450304,2
XA,SA75,-20.86,28.999,XA,SA50,-23.872,27.166,3575,383.2421276,1
ZP,KISZ,-12.112,25.495,ZP,MANS,-11.14,28.875,2816,383.9463132,1
ZP,MAKA,-8.846,34.83,ZP,MGOR,-6.827999999999999,37.67,1254,384.5798463,1
XA,SA14,-29.868,24.023000000000003,XA,SA05,-32.605,21.535,3421,385.0262482,2
NR,NE205,-18.621,23.5,NR,NE210,-21.362,21.216,891,386.2563033,1
XB,PM13,34.672,-4.935,XB,PS33,38.157,-4.906000000000001,9900,386.7280622,1
ZF,AWSE,8.99,40.17,ZE,TRUE,12.484000000000002,40.316,1991,386.812027,1
XK,W15SS,-15.682,34.975,XK,Q07MR,-13.197,37.499,7216,386.8448021,2
AF,DODT,-6.186,35.748000000000005,YQ,IGOM,-9.0,33.657,5786,387.4051508,2
XB,PM20,33.906,-5.033,3D,MM06,30.508000000000003,-6.066,4543,389.1809916,1
XB,PS41,36.667,-5.944,XB,PM40,34.908,-2.21,7854,389.8840017,1
XI,HOSA,7.564,37.857,XI,KARA,10.422,39.935,3036,390.0231501,1
XA,SA33,-26.899,27.179,XA,SA23,-27.93,23.405,3113,390.2771948,2
XB,PS05,36.646,-5.093999999999999,XB,PM23,33.128,-5.03,11946,390.3259167,2
XB,PM35,31.046,-3.996,XB,PM17,34.391,-5.295,9460,390.4246069,2
1C,KTG,0.902,36.257,XJ,LN26,-2.61,35.878,1089,390.6228252,1
1C,NASO,1.172,36.359,XJ,LL23,-2.297,35.69,1199,390.7434419,1
AF,AAUS,9.035,38.766,2H,SEME,11.793,41.004,1716,391.2848104,1
XA,SA23,-27.93,23.405,XA,SA81,-30.925,21.268,5192,391.3909432,1
XI,NAZA,8.568,39.291,XI,BAHI,11.574000000000002,37.393,2959,392.2026713,1
YH,IFAK,-8.14,36.683,YH,INDI,-10.017,39.715,1716,392.6690073,2
ZV,NEMA,-7.52,31.044,YQ,GAWA,-8.765,34.386,3685,393.1929814,1
XK,W09TK,-12.108,34.046,XK,Q07MR,-13.197,37.499,7205,393.9747599,2
AF,ANKE,9.583,39.742,2H,HITE,13.101,40.317,5841,394.1801714,1
XA,SA28,-27.898000000000003,28.066,XA,SA30,-27.072,24.165,2651,396.2136889,2
6A,WP18,-19.175,15.884,AF,WIN,-22.567,17.1,4653,396.283289,2
1C,NATN,1.041,36.123000000000005,XJ,LL22,-2.52,35.599000000000004,1782,398.0520316,1
ZV,KASA,-8.437999999999999,31.147,YQ,TOLA,-9.592,34.584,4070,398.8736882,1
XB,PM17,34.391,-5.295,PM,PVAQ,37.404,-7.717,9185,399.43291760000005,1
XB,PS41,36.667,-5.944,XB,PM23,33.128,-5.03,9999,401.3953298,1
1C,MCN1,-0.1939999999999999,36.083,AF,TEBE,0.054,32.483000000000004,1243,401.6866915,1
XI,FICH,9.782,38.737,XI,CHEF,6.1610000000000005,38.21,2255,404.65957,1
ZP,KGMA,-4.878,29.633000000000003,ZP,MLBA,-1.838,31.67,3069,405.2580498,2
ZV,KARA,-6.822,30.439,YQ,ILIN,-9.082,33.333,4543,405.3044033000001,1
XB,PM20,33.906,-5.033,XB,PS60,37.327,-3.452,4180,405.6741753,1
XB,PM22,33.295,-5.107,3D,MM10,30.53,-7.928,1287,406.3991748,2
XB,PM09,35.027,-5.114,XB,PM33,31.432,-4.243,4785,406.8922395,1
XB,PS47,36.87,-4.079,MN,RTC,33.988,-6.857,7139,407.2388198,1
XB,PS07,36.671,-4.799,XB,PM24,32.995,-4.898,8514,407.9072737,1
AF,DODT,-6.186,35.748000000000005,YQ,MBHS,-9.431,33.985,6743,408.1606442,1
ZV,KISA,-7.19,31.023000000000003,YQ,MAKE,-9.265,34.097,3850,409.1054844,1
XB,PS33,38.157,-4.906000000000001,XB,PM15,34.469,-4.7,9900,409.6562318,1
XA,SA19,-28.906,24.833,XA,SA81,-30.925,21.268,1837,410.5780582,2
XB,CM11,3.98,13.188,XB,CM01,2.389,9.834,3894,412.2093555,1
ZF,LYDE,12.055,41.926,XW,UAYA,15.709,42.693000000000005,1254,412.6829744,1
ZF,KOBE,12.151,39.63,ZF,HYNE,9.315,42.096,3058,413.7041607,1
ZF,MAYE,12.783,39.534,ZF,MISE,9.237,40.759,7832,414.449884,2
XB,CM10,4.223,10.619000000000002,XB,CM14,4.422,14.358,3773,415.6298882,1
AF,DODT,-6.186,35.748000000000005,YQ,MBEY,-9.0,33.25,5874,415.7177996,2
XB,PM16,35.13,-3.695,XB,PM33A,31.414,-4.29,1562,415.847824,1
XB,CM04,2.979,11.959,XB,CM20,6.225,10.054,2277,416.5514688,1
8A,NEPA,-17.77,18.46,8A,HOCH,-21.49,17.852999999999998,6688,416.6943679,1
XI,WASH,8.99,40.166,XI,BAHI,11.574000000000002,37.393,3960,417.0679532,2
1C,ANR,-0.182,36.245,AF,TEBE,0.054,32.483000000000004,1540,419.5956247,1
ZP,MALE,1.07,34.167,IU,KMBO,-1.127,37.252,3410,420.6415257000001,2
ZP,MKUS,-13.604,29.379,ZP,KASM,-10.217,31.14,1221,420.9191698,1
XB,PS37,39.0,-4.956,XB,PM05,35.213,-5.337000000000001,7997,421.6412292,1
XA,SA48,-24.895,29.216,XA,SA26,-27.546,26.18,3179,422.2275316000001,2
ZF,BTIE,11.195,40.022,XW,MOKA,13.314,43.256,2046,422.7713361,1
XK,Q05ML,-13.467,36.14,XK,Z09CG,-13.306,32.221,3597,424.8531849,1
1C,KAPD,1.185,36.105,XJ,LL66,-2.612,35.484,2167,425.50288830000005,1
1C,NAUD,1.027,36.22,XJ,PR11,-2.823,36.299,2959,425.8043876,1
1C,NAUD,1.027,36.22,XJ,PR12,-2.825,36.383,1727,426.3208546,1
XB,PM36,34.889,-3.736,XB,PM35,31.046,-3.996,7876,426.8962389,1
XB,CM16,5.48,10.572,XB,CM24,6.523,14.288,1661,427.2672585,1
XB,PM30,31.863000000000003,-4.272,XB,PM03,35.51,-5.771,8899,427.70846560000007,1
YJ,SHEE,10.0,39.895,XI,DELE,8.439,36.326,858,428.5069224,1
XB,CM02,2.698,13.289,XB,CM16,5.48,10.572,2651,430.8567584,1
XA,SA34,-26.8,28.1,XA,SA56,-23.006,29.074,3905,431.6274493,2
ZV,KISA,-7.19,31.023000000000003,YQ,UKWA,-9.454,34.216,3850,431.7285692,1
ZP,MWEN,-10.058,28.702,ZP,ISOK,-10.171,32.646,1606,432.443363,1
ZP,MKUS,-13.604,29.379,AF,TEZI,-15.747,26.016,1320,432.9135395,2
XK,W11KP,-13.217,34.311,YQ,KIPE,-9.294,34.436,1485,434.16496219999993,1
ZP,MALE,1.07,34.167,ZP,FOPO,0.6629999999999999,30.282,4246,434.7617066000001,2
ZF,HYNE,9.315,42.096,ZF,GASE,11.681,38.921,2893,435.0512559,1
XK,Q01MP,-13.408,34.87,XV,MOCU,-16.86,36.83,1452,436.1893445,2
8A,MARI,-24.598000000000003,17.930999999999997,8A,BAHE,-21.352,15.44,5434,440.9517137,2
YJ,MIEE,9.242,40.758,XI,CHEF,6.1610000000000005,38.21,847,441.7036033,1
XK,W13CC,-14.548,35.181,XV,NAPU,-15.08,39.25,3520,441.9288594,2
XK,Z09CG,-13.306,32.221,YQ,ISOK,-9.509,33.494,1342,442.3883157,1
ZE,BREE,12.17,41.188,XW,MAWI,15.468,43.523,2068,443.681018,1
XB,PM13,34.672,-4.935,PM,PFVI,37.133,-8.827,10109,444.910671,1
1C,SIL,1.149,36.238,XJ,PR32,-2.875,36.181,1078,444.9989464,1
XB,PS15,37.141,-4.503,XB,PM23,33.128,-5.03,9999,447.7956788,1
XB,PM33A,31.414,-4.29,3D,MM12,30.405,-8.827,3355,447.8655778,1
XB,PM06,35.309,-5.638999999999999,XB,PM33A,31.414,-4.29,1540,449.8576306,2
1C,SIL,1.149,36.238,XJ,PR31,-2.919,36.048,1562,450.31578600000006,2
1C,NAUD,1.027,36.22,XJ,PR62,-2.983,35.374,2959,453.2900318,1
G,ATD,11.53,42.847,XW,SHIB,15.503,43.906000000000006,1463,454.2519478,1
XA,SA155,-22.879,28.34,XA,SA78,-19.467,30.772,3223,454.3938464,1
YJ,DIKE,8.062999999999999,39.557,XI,BAHI,11.574000000000002,37.393,1529,455.1300115,1
ZP,KISZ,-12.112,25.495,IU,LSZ,-15.278,28.188,2816,455.5564112,2
XB,PM29,32.084,-4.391,XB,PS01,36.08,-5.624,11781,457.6141988,2
XB,PM08,35.145,-4.708,XB,PM35,31.046,-3.996,10054,459.4337583000001,2
XK,Q04NM,-13.331,35.658,XV,SENA,-17.445,35.032,4400,460.1573144999999,2
XK,Q05MJ,-13.395,36.126,XV,SENA,-17.445,35.032,1705,463.2672812,1
XB,PM25,32.876,-4.888,XB,PS13,37.057,-4.75,8657,464.0116996,1
XB,PM24,32.995,-4.898,XB,PS14,37.148,-5.518,9878,464.1959305,1
XB,PM31A,32.719,-4.739,3D,MM12,30.405,-8.827,9680,465.1892239,2
ZV,NINA,-7.689,30.724,YQ,BAKO,-8.844,34.802,4257,467.0725846,1
1C,KAPD,1.185,36.105,XJ,PR61,-2.959,35.248000000000005,2277,468.0421297,2
ZF,MISE,9.237,40.759,ZF,SMRE,13.198,39.211,4884,469.6208143999999,2
XB,CM25,6.76,11.811,XB,CM05,2.942,9.914,3388,471.7173096,2
AF,ANKE,9.583,39.742,2H,HALE,13.842,40.008,5467,472.0239154,1
XB,PM09,35.027,-5.114,3D,MM02,31.232,-7.422000000000001,4697,472.753104,1
XB,PM07,35.228,-4.986000000000001,XB,PM35,31.046,-3.996,12034,472.9138119,2
XB,PS48,36.901,-3.727,XB,PM31A,32.719,-4.739,8316,473.0800847,1
AF,IFE,7.547000000000001,4.457,AF,KAD,10.43,7.64,2266,473.4461008,2
XA,SA38,-25.933000000000003,25.085,XA,SA53,-24.113000000000003,29.333,2607,473.7475473,1
XB,PM13,34.672,-4.935,3D,MM06,30.508000000000003,-6.066,7997,473.8155453,2
YJ,BORE,8.746,39.554,G,ATD,11.53,42.847,4939,474.3795081,1
XB,PS15,37.141,-4.503,XB,PM25,32.876,-4.888,9009,474.4647262,1
ZV,CHAA,-7.591,31.27,YQ,MUDI,-9.862,34.937,3245,475.276085,1
XD,MTOR,-5.251,35.401,XD,PAND,-8.984,33.242,3344,476.7563787,2
XJ,NG56,-3.096,35.409,AF,TEBE,0.054,32.483000000000004,6457,476.7752893,1
XB,PM22B,33.308,-5.102,3D,MM12,30.405,-8.827,8052,477.3139514,2
XK,Z11CP,-13.564,32.589,AF,KTWE,-12.814,28.209,1562,481.9868559,1
XB,PM31,32.706,-4.72,XB,PS13,37.057,-4.75,1397,482.7016126,2
XB,PM08,35.145,-4.708,PM,PESTR,38.867,-7.59,9152,486.1570747,2
XB,PM07,35.228,-4.986000000000001,3D,MM08,31.026,-6.492000000000001,7128,486.7395219,1
ZP,MWEN,-10.058,28.702,ZP,KMPZ,-13.457,25.834,1529,488.9450311000001,1
XJ,PR52,-2.959,35.702,AF,TEBE,0.054,32.483000000000004,6325,489.1748551,2
AF,AAUS,9.035,38.766,2H,ABAE,13.354,39.764,6721,490.0226227,1
XB,PM15,34.469,-4.7,3D,MM09,30.586,-7.2010000000000005,7975,490.4935219,2
XB,CM27,7.359,12.667,XB,CM04,2.979,11.959,1100,490.6733867,1
XK,W04VR,-13.720999999999998,34.12,YQ,KIPE,-9.294,34.436,3102,490.9215547,2
XB,PS48,36.901,-3.727,XB,PM26,32.525,-4.566,8448,491.4930613,1
ZP,MLBA,-1.838,31.67,ZS,MANY,-3.3960000000000004,35.812,704,491.7580876,1
XB,PS44,36.317,-5.989,XB,PM29,32.084,-4.391,11781,492.0834235,1
XB,PS06,36.731,-5.513999999999999,XB,PM27,32.35,-4.654,9944,492.3572942,1
XA,SA26,-27.546,26.18,XA,SA53,-24.113000000000003,29.333,2376,494.4979434,2
XA,SA13,-29.979,23.14,XA,SA02,-33.735,20.266,2266,497.3696165,1
XA,SA38,-25.933000000000003,25.085,XA,SA43,-25.787,30.067,1375,499.6078988,1
ZP,NJOM,-9.366,34.791,YH,MANG,-7.198,38.773,1221,499.90801110000007,1
